"","County","AGEGROUP","AGEGROUPMIN","AGEGROUPMAX","POP"
"1","Okanogan County","0",0,Inf,"42243"
"2","Okanogan County","1",0,4,"2548"
"3","Okanogan County","2",5,9,"2905"
"4","Okanogan County","3",10,14,"2853"
"5","Okanogan County","4",15,19,"2399"
"6","Okanogan County","5",20,24,"1931"
"7","Okanogan County","6",25,29,"2429"
"8","Okanogan County","7",30,34,"2323"
"9","Okanogan County","8",35,39,"2397"
"10","Okanogan County","9",40,44,"2323"
"11","Okanogan County","10",45,49,"2355"
"12","Okanogan County","11",50,54,"2284"
"13","Okanogan County","12",55,59,"2842"
"14","Okanogan County","13",60,64,"3343"
"15","Okanogan County","14",65,69,"3191"
"16","Okanogan County","15",70,74,"2591"
"17","Okanogan County","16",75,79,"1630"
"18","Okanogan County","17",80,84,"1002"
"19","Okanogan County","18",85,Inf,"897"
"20","Okanogan County","19",0,17,"9833"
"21","Okanogan County","20",5,13,"5199"
"22","Okanogan County","21",14,17,"2086"
"23","Okanogan County","22",18,64,"23099"
"24","Okanogan County","23",18,24,"2803"
"25","Okanogan County","24",25,44,"9472"
"26","Okanogan County","25",45,64,"10824"
"27","Okanogan County","26",65,Inf,"9311"
"28","Okanogan County","27",85,Inf,"897"
"29","Okanogan County","28",16,Inf,"33421"
"30","Okanogan County","29",18,Inf,"32410"
"31","Okanogan County","30",15,44,"13802"
"32","Okanogan County","31",NA,NA,"42.8"
"33","Kittitas County","0",0,Inf,"47935"
"34","Kittitas County","1",0,4,"2192"
"35","Kittitas County","2",5,9,"2254"
"36","Kittitas County","3",10,14,"2261"
"37","Kittitas County","4",15,19,"3861"
"38","Kittitas County","5",20,24,"7528"
"39","Kittitas County","6",25,29,"3403"
"40","Kittitas County","7",30,34,"2668"
"41","Kittitas County","8",35,39,"2561"
"42","Kittitas County","9",40,44,"2337"
"43","Kittitas County","10",45,49,"2381"
"44","Kittitas County","11",50,54,"2435"
"45","Kittitas County","12",55,59,"2957"
"46","Kittitas County","13",60,64,"3067"
"47","Kittitas County","14",65,69,"2779"
"48","Kittitas County","15",70,74,"2114"
"49","Kittitas County","16",75,79,"1420"
"50","Kittitas County","17",80,84,"890"
"51","Kittitas County","18",85,Inf,"827"
"52","Kittitas County","19",0,17,"8066"
"53","Kittitas County","20",5,13,"4064"
"54","Kittitas County","21",14,17,"1810"
"55","Kittitas County","22",18,64,"31839"
"56","Kittitas County","23",18,24,"10030"
"57","Kittitas County","24",25,44,"10969"
"58","Kittitas County","25",45,64,"10840"
"59","Kittitas County","26",65,Inf,"8030"
"60","Kittitas County","27",85,Inf,"827"
"61","Kittitas County","28",16,Inf,"40756"
"62","Kittitas County","29",18,Inf,"39869"
"63","Kittitas County","30",15,44,"22358"
"64","Kittitas County","31",NA,NA,"34.6"
"65","Thurston County","0",0,Inf,"290536"
"66","Thurston County","1",0,4,"16653"
"67","Thurston County","2",5,9,"17507"
"68","Thurston County","3",10,14,"17359"
"69","Thurston County","4",15,19,"16285"
"70","Thurston County","5",20,24,"17045"
"71","Thurston County","6",25,29,"21104"
"72","Thurston County","7",30,34,"20952"
"73","Thurston County","8",35,39,"21342"
"74","Thurston County","9",40,44,"18635"
"75","Thurston County","10",45,49,"17463"
"76","Thurston County","11",50,54,"17149"
"77","Thurston County","12",55,59,"18475"
"78","Thurston County","13",60,64,"18696"
"79","Thurston County","14",65,69,"17919"
"80","Thurston County","15",70,74,"14146"
"81","Thurston County","16",75,79,"9061"
"82","Thurston County","17",80,84,"5376"
"83","Thurston County","18",85,Inf,"5369"
"84","Thurston County","19",0,17,"61708"
"85","Thurston County","20",5,13,"31490"
"86","Thurston County","21",14,17,"13565"
"87","Thurston County","22",18,64,"176957"
"88","Thurston County","23",18,24,"23141"
"89","Thurston County","24",25,44,"82033"
"90","Thurston County","25",45,64,"71783"
"91","Thurston County","26",65,Inf,"51871"
"92","Thurston County","27",85,Inf,"5369"
"93","Thurston County","28",16,Inf,"235585"
"94","Thurston County","29",18,Inf,"228828"
"95","Thurston County","30",15,44,"115363"
"96","Thurston County","31",NA,NA,"39.3"
"97","Benton County","0",0,Inf,"204390"
"98","Benton County","1",0,4,"14152"
"99","Benton County","2",5,9,"15468"
"100","Benton County","3",10,14,"15701"
"101","Benton County","4",15,19,"13742"
"102","Benton County","5",20,24,"12073"
"103","Benton County","6",25,29,"14155"
"104","Benton County","7",30,34,"13857"
"105","Benton County","8",35,39,"14218"
"106","Benton County","9",40,44,"12071"
"107","Benton County","10",45,49,"11346"
"108","Benton County","11",50,54,"11363"
"109","Benton County","12",55,59,"12594"
"110","Benton County","13",60,64,"12190"
"111","Benton County","14",65,69,"10684"
"112","Benton County","15",70,74,"8198"
"113","Benton County","16",75,79,"5568"
"114","Benton County","17",80,84,"3552"
"115","Benton County","18",85,Inf,"3458"
"116","Benton County","19",0,17,"54272"
"117","Benton County","20",5,13,"28104"
"118","Benton County","21",14,17,"12016"
"119","Benton County","22",18,64,"118658"
"120","Benton County","23",18,24,"16864"
"121","Benton County","24",25,44,"54301"
"122","Benton County","25",45,64,"47493"
"123","Benton County","26",65,Inf,"31460"
"124","Benton County","27",85,Inf,"3458"
"125","Benton County","28",16,Inf,"156064"
"126","Benton County","29",18,Inf,"150118"
"127","Benton County","30",15,44,"80116"
"128","Benton County","31",NA,NA,"36.1"
"129","Columbia County","0",0,Inf,"3985"
"130","Columbia County","1",0,4,"189"
"131","Columbia County","2",5,9,"192"
"132","Columbia County","3",10,14,"217"
"133","Columbia County","4",15,19,"183"
"134","Columbia County","5",20,24,"169"
"135","Columbia County","6",25,29,"198"
"136","Columbia County","7",30,34,"201"
"137","Columbia County","8",35,39,"212"
"138","Columbia County","9",40,44,"201"
"139","Columbia County","10",45,49,"192"
"140","Columbia County","11",50,54,"241"
"141","Columbia County","12",55,59,"324"
"142","Columbia County","13",60,64,"332"
"143","Columbia County","14",65,69,"340"
"144","Columbia County","15",70,74,"293"
"145","Columbia County","16",75,79,"223"
"146","Columbia County","17",80,84,"144"
"147","Columbia County","18",85,Inf,"134"
"148","Columbia County","19",0,17,"716"
"149","Columbia County","20",5,13,"367"
"150","Columbia County","21",14,17,"160"
"151","Columbia County","22",18,64,"2135"
"152","Columbia County","23",18,24,"234"
"153","Columbia County","24",25,44,"812"
"154","Columbia County","25",45,64,"1089"
"155","Columbia County","26",65,Inf,"1134"
"156","Columbia County","27",85,Inf,"134"
"157","Columbia County","28",16,Inf,"3350"
"158","Columbia County","29",18,Inf,"3269"
"159","Columbia County","30",15,44,"1164"
"160","Columbia County","31",NA,NA,"50.7"
"161","Clark County","0",0,Inf,"488241"
"162","Clark County","1",0,4,"29255"
"163","Clark County","2",5,9,"31602"
"164","Clark County","3",10,14,"33599"
"165","Clark County","4",15,19,"31177"
"166","Clark County","5",20,24,"28518"
"167","Clark County","6",25,29,"33261"
"168","Clark County","7",30,34,"32508"
"169","Clark County","8",35,39,"33137"
"170","Clark County","9",40,44,"32173"
"171","Clark County","10",45,49,"32146"
"172","Clark County","11",50,54,"30675"
"173","Clark County","12",55,59,"32239"
"174","Clark County","13",60,64,"30009"
"175","Clark County","14",65,69,"26980"
"176","Clark County","15",70,74,"21648"
"177","Clark County","16",75,79,"13786"
"178","Clark County","17",80,84,"7938"
"179","Clark County","18",85,Inf,"7590"
"180","Clark County","19",0,17,"114686"
"181","Clark County","20",5,13,"58534"
"182","Clark County","21",14,17,"26897"
"183","Clark County","22",18,64,"295613"
"184","Clark County","23",18,24,"39465"
"185","Clark County","24",25,44,"131079"
"186","Clark County","25",45,64,"125069"
"187","Clark County","26",65,Inf,"77942"
"188","Clark County","27",85,Inf,"7590"
"189","Clark County","28",16,Inf,"386999"
"190","Clark County","29",18,Inf,"373555"
"191","Clark County","30",15,44,"190774"
"192","Clark County","31",NA,NA,"38.7"
"193","Asotin County","0",0,Inf,"22582"
"194","Asotin County","1",0,4,"1160"
"195","Asotin County","2",5,9,"1265"
"196","Asotin County","3",10,14,"1306"
"197","Asotin County","4",15,19,"1236"
"198","Asotin County","5",20,24,"1047"
"199","Asotin County","6",25,29,"1252"
"200","Asotin County","7",30,34,"1205"
"201","Asotin County","8",35,39,"1373"
"202","Asotin County","9",40,44,"1226"
"203","Asotin County","10",45,49,"1252"
"204","Asotin County","11",50,54,"1332"
"205","Asotin County","12",55,59,"1649"
"206","Asotin County","13",60,64,"1869"
"207","Asotin County","14",65,69,"1612"
"208","Asotin County","15",70,74,"1352"
"209","Asotin County","16",75,79,"1073"
"210","Asotin County","17",80,84,"701"
"211","Asotin County","18",85,Inf,"672"
"212","Asotin County","19",0,17,"4524"
"213","Asotin County","20",5,13,"2303"
"214","Asotin County","21",14,17,"1061"
"215","Asotin County","22",18,64,"12648"
"216","Asotin County","23",18,24,"1490"
"217","Asotin County","24",25,44,"5056"
"218","Asotin County","25",45,64,"6102"
"219","Asotin County","26",65,Inf,"5410"
"220","Asotin County","27",85,Inf,"672"
"221","Asotin County","28",16,Inf,"18571"
"222","Asotin County","29",18,Inf,"18058"
"223","Asotin County","30",15,44,"7339"
"224","Asotin County","31",NA,NA,"45.8"
"225","Adams County","0",0,Inf,"19983"
"226","Adams County","1",0,4,"1917"
"227","Adams County","2",5,9,"2144"
"228","Adams County","3",10,14,"2053"
"229","Adams County","4",15,19,"1657"
"230","Adams County","5",20,24,"1426"
"231","Adams County","6",25,29,"1265"
"232","Adams County","7",30,34,"1215"
"233","Adams County","8",35,39,"1102"
"234","Adams County","9",40,44,"1077"
"235","Adams County","10",45,49,"992"
"236","Adams County","11",50,54,"964"
"237","Adams County","12",55,59,"961"
"238","Adams County","13",60,64,"946"
"239","Adams County","14",65,69,"796"
"240","Adams County","15",70,74,"575"
"241","Adams County","16",75,79,"397"
"242","Adams County","17",80,84,"247"
"243","Adams County","18",85,Inf,"249"
"244","Adams County","19",0,17,"7169"
"245","Adams County","20",5,13,"3814"
"246","Adams County","21",14,17,"1438"
"247","Adams County","22",18,64,"10550"
"248","Adams County","23",18,24,"2028"
"249","Adams County","24",25,44,"4659"
"250","Adams County","25",45,64,"3863"
"251","Adams County","26",65,Inf,"2264"
"252","Adams County","27",85,Inf,"249"
"253","Adams County","28",16,Inf,"13519"
"254","Adams County","29",18,Inf,"12814"
"255","Adams County","30",15,44,"7742"
"256","Adams County","31",NA,NA,"28"
"257","Garfield County","0",0,Inf,"2225"
"258","Garfield County","1",0,4,"166"
"259","Garfield County","2",5,9,"113"
"260","Garfield County","3",10,14,"118"
"261","Garfield County","4",15,19,"113"
"262","Garfield County","5",20,24,"91"
"263","Garfield County","6",25,29,"89"
"264","Garfield County","7",30,34,"110"
"265","Garfield County","8",35,39,"111"
"266","Garfield County","9",40,44,"150"
"267","Garfield County","10",45,49,"129"
"268","Garfield County","11",50,54,"101"
"269","Garfield County","12",55,59,"167"
"270","Garfield County","13",60,64,"203"
"271","Garfield County","14",65,69,"179"
"272","Garfield County","15",70,74,"154"
"273","Garfield County","16",75,79,"80"
"274","Garfield County","17",80,84,"68"
"275","Garfield County","18",85,Inf,"83"
"276","Garfield County","19",0,17,"467"
"277","Garfield County","20",5,13,"203"
"278","Garfield County","21",14,17,"98"
"279","Garfield County","22",18,64,"1194"
"280","Garfield County","23",18,24,"134"
"281","Garfield County","24",25,44,"460"
"282","Garfield County","25",45,64,"600"
"283","Garfield County","26",65,Inf,"564"
"284","Garfield County","27",85,Inf,"83"
"285","Garfield County","28",16,Inf,"1807"
"286","Garfield County","29",18,Inf,"1758"
"287","Garfield County","30",15,44,"664"
"288","Garfield County","31",NA,NA,"46.8"
"289","Mason County","0",0,Inf,"66768"
"290","Mason County","1",0,4,"3527"
"291","Mason County","2",5,9,"3642"
"292","Mason County","3",10,14,"3677"
"293","Mason County","4",15,19,"3362"
"294","Mason County","5",20,24,"3358"
"295","Mason County","6",25,29,"4285"
"296","Mason County","7",30,34,"3827"
"297","Mason County","8",35,39,"3925"
"298","Mason County","9",40,44,"3518"
"299","Mason County","10",45,49,"3590"
"300","Mason County","11",50,54,"3868"
"301","Mason County","12",55,59,"4984"
"302","Mason County","13",60,64,"5657"
"303","Mason County","14",65,69,"5388"
"304","Mason County","15",70,74,"4340"
"305","Mason County","16",75,79,"2773"
"306","Mason County","17",80,84,"1706"
"307","Mason County","18",85,Inf,"1341"
"308","Mason County","19",0,17,"13004"
"309","Mason County","20",5,13,"6571"
"310","Mason County","21",14,17,"2906"
"311","Mason County","22",18,64,"38216"
"312","Mason County","23",18,24,"4562"
"313","Mason County","24",25,44,"15555"
"314","Mason County","25",45,64,"18099"
"315","Mason County","26",65,Inf,"15548"
"316","Mason County","27",85,Inf,"1341"
"317","Mason County","28",16,Inf,"55163"
"318","Mason County","29",18,Inf,"53764"
"319","Mason County","30",15,44,"22275"
"320","Mason County","31",NA,NA,"45.4"
"321","Skagit County","0",0,Inf,"129205"
"322","Skagit County","1",0,4,"7493"
"323","Skagit County","2",5,9,"7776"
"324","Skagit County","3",10,14,"7919"
"325","Skagit County","4",15,19,"7277"
"326","Skagit County","5",20,24,"6993"
"327","Skagit County","6",25,29,"8466"
"328","Skagit County","7",30,34,"7975"
"329","Skagit County","8",35,39,"8225"
"330","Skagit County","9",40,44,"7139"
"331","Skagit County","10",45,49,"7170"
"332","Skagit County","11",50,54,"7152"
"333","Skagit County","12",55,59,"8702"
"334","Skagit County","13",60,64,"9138"
"335","Skagit County","14",65,69,"9052"
"336","Skagit County","15",70,74,"7517"
"337","Skagit County","16",75,79,"5062"
"338","Skagit County","17",80,84,"3089"
"339","Skagit County","18",85,Inf,"3060"
"340","Skagit County","19",0,17,"27780"
"341","Skagit County","20",5,13,"14132"
"342","Skagit County","21",14,17,"6155"
"343","Skagit County","22",18,64,"73645"
"344","Skagit County","23",18,24,"9678"
"345","Skagit County","24",25,44,"31805"
"346","Skagit County","25",45,64,"32162"
"347","Skagit County","26",65,Inf,"27780"
"348","Skagit County","27",85,Inf,"3060"
"349","Skagit County","28",16,Inf,"104505"
"350","Skagit County","29",18,Inf,"101425"
"351","Skagit County","30",15,44,"46075"
"352","Skagit County","31",NA,NA,"41.7"
"353","Stevens County","0",0,Inf,"45723"
"354","Stevens County","1",0,4,"2368"
"355","Stevens County","2",5,9,"2700"
"356","Stevens County","3",10,14,"2901"
"357","Stevens County","4",15,19,"2628"
"358","Stevens County","5",20,24,"2009"
"359","Stevens County","6",25,29,"2249"
"360","Stevens County","7",30,34,"2147"
"361","Stevens County","8",35,39,"2344"
"362","Stevens County","9",40,44,"2452"
"363","Stevens County","10",45,49,"2536"
"364","Stevens County","11",50,54,"2731"
"365","Stevens County","12",55,59,"3516"
"366","Stevens County","13",60,64,"4228"
"367","Stevens County","14",65,69,"3833"
"368","Stevens County","15",70,74,"2993"
"369","Stevens County","16",75,79,"1981"
"370","Stevens County","17",80,84,"1118"
"371","Stevens County","18",85,Inf,"989"
"372","Stevens County","19",0,17,"9686"
"373","Stevens County","20",5,13,"4980"
"374","Stevens County","21",14,17,"2338"
"375","Stevens County","22",18,64,"25123"
"376","Stevens County","23",18,24,"2920"
"377","Stevens County","24",25,44,"9192"
"378","Stevens County","25",45,64,"13011"
"379","Stevens County","26",65,Inf,"10914"
"380","Stevens County","27",85,Inf,"989"
"381","Stevens County","28",16,Inf,"37160"
"382","Stevens County","29",18,Inf,"36037"
"383","Stevens County","30",15,44,"13829"
"384","Stevens County","31",NA,NA,"47.3"
"385","Spokane County","0",0,Inf,"522798"
"386","Spokane County","1",0,4,"31201"
"387","Spokane County","2",5,9,"32197"
"388","Spokane County","3",10,14,"32379"
"389","Spokane County","4",15,19,"32603"
"390","Spokane County","5",20,24,"34504"
"391","Spokane County","6",25,29,"40696"
"392","Spokane County","7",30,34,"38397"
"393","Spokane County","8",35,39,"35345"
"394","Spokane County","9",40,44,"30420"
"395","Spokane County","10",45,49,"30788"
"396","Spokane County","11",50,54,"30108"
"397","Spokane County","12",55,59,"34245"
"398","Spokane County","13",60,64,"33292"
"399","Spokane County","14",65,69,"29717"
"400","Spokane County","15",70,74,"22868"
"401","Spokane County","16",75,79,"14892"
"402","Spokane County","17",80,84,"9285"
"403","Spokane County","18",85,Inf,"9861"
"404","Spokane County","19",0,17,"114853"
"405","Spokane County","20",5,13,"58223"
"406","Spokane County","21",14,17,"25429"
"407","Spokane County","22",18,64,"321322"
"408","Spokane County","23",18,24,"48031"
"409","Spokane County","24",25,44,"144858"
"410","Spokane County","25",45,64,"128433"
"411","Spokane County","26",65,Inf,"86623"
"412","Spokane County","27",85,Inf,"9861"
"413","Spokane County","28",16,Inf,"420649"
"414","Spokane County","29",18,Inf,"407945"
"415","Spokane County","30",15,44,"211965"
"416","Spokane County","31",NA,NA,"37.7"
"417","Lincoln County","0",0,Inf,"10939"
"418","Lincoln County","1",0,4,"596"
"419","Lincoln County","2",5,9,"636"
"420","Lincoln County","3",10,14,"704"
"421","Lincoln County","4",15,19,"668"
"422","Lincoln County","5",20,24,"457"
"423","Lincoln County","6",25,29,"465"
"424","Lincoln County","7",30,34,"492"
"425","Lincoln County","8",35,39,"576"
"426","Lincoln County","9",40,44,"586"
"427","Lincoln County","10",45,49,"559"
"428","Lincoln County","11",50,54,"610"
"429","Lincoln County","12",55,59,"780"
"430","Lincoln County","13",60,64,"977"
"431","Lincoln County","14",65,69,"907"
"432","Lincoln County","15",70,74,"752"
"433","Lincoln County","16",75,79,"485"
"434","Lincoln County","17",80,84,"345"
"435","Lincoln County","18",85,Inf,"344"
"436","Lincoln County","19",0,17,"2378"
"437","Lincoln County","20",5,13,"1174"
"438","Lincoln County","21",14,17,"608"
"439","Lincoln County","22",18,64,"5728"
"440","Lincoln County","23",18,24,"683"
"441","Lincoln County","24",25,44,"2119"
"442","Lincoln County","25",45,64,"2926"
"443","Lincoln County","26",65,Inf,"2833"
"444","Lincoln County","27",85,Inf,"344"
"445","Lincoln County","28",16,Inf,"8864"
"446","Lincoln County","29",18,Inf,"8561"
"447","Lincoln County","30",15,44,"3244"
"448","Lincoln County","31",NA,NA,"47.9"
"449","Chelan County","0",0,Inf,"77200"
"450","Chelan County","1",0,4,"4738"
"451","Chelan County","2",5,9,"5082"
"452","Chelan County","3",10,14,"5145"
"453","Chelan County","4",15,19,"4683"
"454","Chelan County","5",20,24,"4400"
"455","Chelan County","6",25,29,"4887"
"456","Chelan County","7",30,34,"4828"
"457","Chelan County","8",35,39,"4864"
"458","Chelan County","9",40,44,"4311"
"459","Chelan County","10",45,49,"4107"
"460","Chelan County","11",50,54,"4360"
"461","Chelan County","12",55,59,"5075"
"462","Chelan County","13",60,64,"5551"
"463","Chelan County","14",65,69,"5066"
"464","Chelan County","15",70,74,"3906"
"465","Chelan County","16",75,79,"2660"
"466","Chelan County","17",80,84,"1718"
"467","Chelan County","18",85,Inf,"1819"
"468","Chelan County","19",0,17,"17906"
"469","Chelan County","20",5,13,"9254"
"470","Chelan County","21",14,17,"3914"
"471","Chelan County","22",18,64,"44125"
"472","Chelan County","23",18,24,"6142"
"473","Chelan County","24",25,44,"18890"
"474","Chelan County","25",45,64,"19093"
"475","Chelan County","26",65,Inf,"15169"
"476","Chelan County","27",85,Inf,"1819"
"477","Chelan County","28",16,Inf,"61272"
"478","Chelan County","29",18,Inf,"59294"
"479","Chelan County","30",15,44,"27973"
"480","Chelan County","31",NA,NA,"40"
"481","Jefferson County","0",0,Inf,"32221"
"482","Jefferson County","1",0,4,"943"
"483","Jefferson County","2",5,9,"1051"
"484","Jefferson County","3",10,14,"1110"
"485","Jefferson County","4",15,19,"1088"
"486","Jefferson County","5",20,24,"1047"
"487","Jefferson County","6",25,29,"1273"
"488","Jefferson County","7",30,34,"1421"
"489","Jefferson County","8",35,39,"1496"
"490","Jefferson County","9",40,44,"1349"
"491","Jefferson County","10",45,49,"1540"
"492","Jefferson County","11",50,54,"1734"
"493","Jefferson County","12",55,59,"2458"
"494","Jefferson County","13",60,64,"3484"
"495","Jefferson County","14",65,69,"4044"
"496","Jefferson County","15",70,74,"3591"
"497","Jefferson County","16",75,79,"2351"
"498","Jefferson County","17",80,84,"1188"
"499","Jefferson County","18",85,Inf,"1053"
"500","Jefferson County","19",0,17,"3788"
"501","Jefferson County","20",5,13,"1929"
"502","Jefferson County","21",14,17,"916"
"503","Jefferson County","22",18,64,"16206"
"504","Jefferson County","23",18,24,"1451"
"505","Jefferson County","24",25,44,"5539"
"506","Jefferson County","25",45,64,"9216"
"507","Jefferson County","26",65,Inf,"12227"
"508","Jefferson County","27",85,Inf,"1053"
"509","Jefferson County","28",16,Inf,"28883"
"510","Jefferson County","29",18,Inf,"28433"
"511","Jefferson County","30",15,44,"7674"
"512","Jefferson County","31",NA,NA,"59.3"
"513","Kitsap County","0",0,Inf,"271473"
"514","Kitsap County","1",0,4,"15409"
"515","Kitsap County","2",5,9,"15366"
"516","Kitsap County","3",10,14,"15121"
"517","Kitsap County","4",15,19,"14592"
"518","Kitsap County","5",20,24,"19865"
"519","Kitsap County","6",25,29,"21177"
"520","Kitsap County","7",30,34,"19192"
"521","Kitsap County","8",35,39,"18013"
"522","Kitsap County","9",40,44,"15128"
"523","Kitsap County","10",45,49,"14785"
"524","Kitsap County","11",50,54,"15872"
"525","Kitsap County","12",55,59,"18615"
"526","Kitsap County","13",60,64,"18480"
"527","Kitsap County","14",65,69,"16833"
"528","Kitsap County","15",70,74,"14036"
"529","Kitsap County","16",75,79,"8994"
"530","Kitsap County","17",80,84,"4955"
"531","Kitsap County","18",85,Inf,"5040"
"532","Kitsap County","19",0,17,"54936"
"533","Kitsap County","20",5,13,"27464"
"534","Kitsap County","21",14,17,"12063"
"535","Kitsap County","22",18,64,"166679"
"536","Kitsap County","23",18,24,"25417"
"537","Kitsap County","24",25,44,"73510"
"538","Kitsap County","25",45,64,"67752"
"539","Kitsap County","26",65,Inf,"49858"
"540","Kitsap County","27",85,Inf,"5040"
"541","Kitsap County","28",16,Inf,"222537"
"542","Kitsap County","29",18,Inf,"216537"
"543","Kitsap County","30",15,44,"107967"
"544","Kitsap County","31",NA,NA,"39.1"
"545","King County","0",0,Inf,"2252782"
"546","King County","1",0,4,"127399"
"547","King County","2",5,9,"127761"
"548","King County","3",10,14,"124585"
"549","King County","4",15,19,"120589"
"550","King County","5",20,24,"132725"
"551","King County","6",25,29,"207297"
"552","King County","7",30,34,"208767"
"553","King County","8",35,39,"185622"
"554","King County","9",40,44,"156929"
"555","King County","10",45,49,"151737"
"556","King County","11",50,54,"141101"
"557","King County","12",55,59,"138228"
"558","King County","13",60,64,"125727"
"559","King County","14",65,69,"103503"
"560","King County","15",70,74,"79212"
"561","King County","16",75,79,"50809"
"562","King County","17",80,84,"32284"
"563","King County","18",85,Inf,"38507"
"564","King County","19",0,17,"451616"
"565","King County","20",5,13,"228050"
"566","King County","21",14,17,"96167"
"567","King County","22",18,64,"1496851"
"568","King County","23",18,24,"181443"
"569","King County","24",25,44,"758615"
"570","King County","25",45,64,"556793"
"571","King County","26",65,Inf,"304315"
"572","King County","27",85,Inf,"38507"
"573","King County","28",16,Inf,"1848923"
"574","King County","29",18,Inf,"1801166"
"575","King County","30",15,44,"1011929"
"576","King County","31",NA,NA,"37"
"577","Pacific County","0",0,Inf,"22471"
"578","Pacific County","1",0,4,"896"
"579","Pacific County","2",5,9,"938"
"580","Pacific County","3",10,14,"1007"
"581","Pacific County","4",15,19,"923"
"582","Pacific County","5",20,24,"862"
"583","Pacific County","6",25,29,"1058"
"584","Pacific County","7",30,34,"1049"
"585","Pacific County","8",35,39,"1142"
"586","Pacific County","9",40,44,"1045"
"587","Pacific County","10",45,49,"1117"
"588","Pacific County","11",50,54,"1279"
"589","Pacific County","12",55,59,"1667"
"590","Pacific County","13",60,64,"2253"
"591","Pacific County","14",65,69,"2480"
"592","Pacific County","15",70,74,"2025"
"593","Pacific County","16",75,79,"1267"
"594","Pacific County","17",80,84,"834"
"595","Pacific County","18",85,Inf,"629"
"596","Pacific County","19",0,17,"3438"
"597","Pacific County","20",5,13,"1724"
"598","Pacific County","21",14,17,"818"
"599","Pacific County","22",18,64,"11798"
"600","Pacific County","23",18,24,"1188"
"601","Pacific County","24",25,44,"4294"
"602","Pacific County","25",45,64,"6316"
"603","Pacific County","26",65,Inf,"7235"
"604","Pacific County","27",85,Inf,"629"
"605","Pacific County","28",16,Inf,"19441"
"606","Pacific County","29",18,Inf,"19033"
"607","Pacific County","30",15,44,"6079"
"608","Pacific County","31",NA,NA,"54.7"
"609","Pend Oreille County","0",0,Inf,"13724"
"610","Pend Oreille County","1",0,4,"645"
"611","Pend Oreille County","2",5,9,"709"
"612","Pend Oreille County","3",10,14,"783"
"613","Pend Oreille County","4",15,19,"759"
"614","Pend Oreille County","5",20,24,"554"
"615","Pend Oreille County","6",25,29,"575"
"616","Pend Oreille County","7",30,34,"671"
"617","Pend Oreille County","8",35,39,"625"
"618","Pend Oreille County","9",40,44,"671"
"619","Pend Oreille County","10",45,49,"720"
"620","Pend Oreille County","11",50,54,"882"
"621","Pend Oreille County","12",55,59,"1148"
"622","Pend Oreille County","13",60,64,"1289"
"623","Pend Oreille County","14",65,69,"1321"
"624","Pend Oreille County","15",70,74,"1070"
"625","Pend Oreille County","16",75,79,"647"
"626","Pend Oreille County","17",80,84,"349"
"627","Pend Oreille County","18",85,Inf,"306"
"628","Pend Oreille County","19",0,17,"2628"
"629","Pend Oreille County","20",5,13,"1342"
"630","Pend Oreille County","21",14,17,"641"
"631","Pend Oreille County","22",18,64,"7403"
"632","Pend Oreille County","23",18,24,"822"
"633","Pend Oreille County","24",25,44,"2542"
"634","Pend Oreille County","25",45,64,"4039"
"635","Pend Oreille County","26",65,Inf,"3693"
"636","Pend Oreille County","27",85,Inf,"306"
"637","Pend Oreille County","28",16,Inf,"11435"
"638","Pend Oreille County","29",18,Inf,"11096"
"639","Pend Oreille County","30",15,44,"3855"
"640","Pend Oreille County","31",NA,NA,"50.9"
"641","San Juan County","0",0,Inf,"17582"
"642","San Juan County","1",0,4,"492"
"643","San Juan County","2",5,9,"600"
"644","San Juan County","3",10,14,"707"
"645","San Juan County","4",15,19,"666"
"646","San Juan County","5",20,24,"677"
"647","San Juan County","6",25,29,"694"
"648","San Juan County","7",30,34,"776"
"649","San Juan County","8",35,39,"855"
"650","San Juan County","9",40,44,"877"
"651","San Juan County","10",45,49,"864"
"652","San Juan County","11",50,54,"1012"
"653","San Juan County","12",55,59,"1403"
"654","San Juan County","13",60,64,"1777"
"655","San Juan County","14",65,69,"2093"
"656","San Juan County","15",70,74,"1863"
"657","San Juan County","16",75,79,"1117"
"658","San Juan County","17",80,84,"599"
"659","San Juan County","18",85,Inf,"510"
"660","San Juan County","19",0,17,"2229"
"661","San Juan County","20",5,13,"1162"
"662","San Juan County","21",14,17,"575"
"663","San Juan County","22",18,64,"9171"
"664","San Juan County","23",18,24,"913"
"665","San Juan County","24",25,44,"3202"
"666","San Juan County","25",45,64,"5056"
"667","San Juan County","26",65,Inf,"6182"
"668","San Juan County","27",85,Inf,"510"
"669","San Juan County","28",16,Inf,"15652"
"670","San Juan County","29",18,Inf,"15353"
"671","San Juan County","30",15,44,"4545"
"672","San Juan County","31",NA,NA,"57.2"
"673","Skamania County","0",0,Inf,"12083"
"674","Skamania County","1",0,4,"521"
"675","Skamania County","2",5,9,"621"
"676","Skamania County","3",10,14,"674"
"677","Skamania County","4",15,19,"629"
"678","Skamania County","5",20,24,"501"
"679","Skamania County","6",25,29,"612"
"680","Skamania County","7",30,34,"642"
"681","Skamania County","8",35,39,"726"
"682","Skamania County","9",40,44,"735"
"683","Skamania County","10",45,49,"768"
"684","Skamania County","11",50,54,"788"
"685","Skamania County","12",55,59,"1075"
"686","Skamania County","13",60,64,"1115"
"687","Skamania County","14",65,69,"962"
"688","Skamania County","15",70,74,"738"
"689","Skamania County","16",75,79,"455"
"690","Skamania County","17",80,84,"239"
"691","Skamania County","18",85,Inf,"282"
"692","Skamania County","19",0,17,"2216"
"693","Skamania County","20",5,13,"1167"
"694","Skamania County","21",14,17,"528"
"695","Skamania County","22",18,64,"7191"
"696","Skamania County","23",18,24,"730"
"697","Skamania County","24",25,44,"2715"
"698","Skamania County","25",45,64,"3746"
"699","Skamania County","26",65,Inf,"2676"
"700","Skamania County","27",85,Inf,"282"
"701","Skamania County","28",16,Inf,"10155"
"702","Skamania County","29",18,Inf,"9867"
"703","Skamania County","30",15,44,"3845"
"704","Skamania County","31",NA,NA,"47.7"
"705","Whitman County","0",0,Inf,"50104"
"706","Whitman County","1",0,4,"2077"
"707","Whitman County","2",5,9,"2103"
"708","Whitman County","3",10,14,"2032"
"709","Whitman County","4",15,19,"6510"
"710","Whitman County","5",20,24,"12129"
"711","Whitman County","6",25,29,"4337"
"712","Whitman County","7",30,34,"2833"
"713","Whitman County","8",35,39,"2505"
"714","Whitman County","9",40,44,"2139"
"715","Whitman County","10",45,49,"1875"
"716","Whitman County","11",50,54,"1839"
"717","Whitman County","12",55,59,"2166"
"718","Whitman County","13",60,64,"2187"
"719","Whitman County","14",65,69,"1752"
"720","Whitman County","15",70,74,"1341"
"721","Whitman County","16",75,79,"994"
"722","Whitman County","17",80,84,"600"
"723","Whitman County","18",85,Inf,"685"
"724","Whitman County","19",0,17,"7517"
"725","Whitman County","20",5,13,"3711"
"726","Whitman County","21",14,17,"1729"
"727","Whitman County","22",18,64,"37215"
"728","Whitman County","23",18,24,"17334"
"729","Whitman County","24",25,44,"11814"
"730","Whitman County","25",45,64,"8067"
"731","Whitman County","26",65,Inf,"5372"
"732","Whitman County","27",85,Inf,"685"
"733","Whitman County","28",16,Inf,"43485"
"734","Whitman County","29",18,Inf,"42587"
"735","Whitman County","30",15,44,"30453"
"736","Whitman County","31",NA,NA,"25.2"
"737","Yakima County","0",0,Inf,"250873"
"738","Yakima County","1",0,4,"19658"
"739","Yakima County","2",5,9,"21126"
"740","Yakima County","3",10,14,"21139"
"741","Yakima County","4",15,19,"19016"
"742","Yakima County","5",20,24,"16600"
"743","Yakima County","6",25,29,"18076"
"744","Yakima County","7",30,34,"15988"
"745","Yakima County","8",35,39,"15458"
"746","Yakima County","9",40,44,"14262"
"747","Yakima County","10",45,49,"13949"
"748","Yakima County","11",50,54,"13286"
"749","Yakima County","12",55,59,"14043"
"750","Yakima County","13",60,64,"13059"
"751","Yakima County","14",65,69,"11347"
"752","Yakima County","15",70,74,"9104"
"753","Yakima County","16",75,79,"6337"
"754","Yakima County","17",80,84,"4092"
"755","Yakima County","18",85,Inf,"4333"
"756","Yakima County","19",0,17,"73950"
"757","Yakima County","20",5,13,"38188"
"758","Yakima County","21",14,17,"16104"
"759","Yakima County","22",18,64,"141710"
"760","Yakima County","23",18,24,"23589"
"761","Yakima County","24",25,44,"63784"
"762","Yakima County","25",45,64,"54337"
"763","Yakima County","26",65,Inf,"35213"
"764","Yakima County","27",85,Inf,"4333"
"765","Yakima County","28",16,Inf,"184861"
"766","Yakima County","29",18,Inf,"176923"
"767","Yakima County","30",15,44,"99400"
"768","Yakima County","31",NA,NA,"33"
"769","Clallam County","0",0,Inf,"77331"
"770","Clallam County","1",0,4,"3360"
"771","Clallam County","2",5,9,"3787"
"772","Clallam County","3",10,14,"3594"
"773","Clallam County","4",15,19,"3454"
"774","Clallam County","5",20,24,"3481"
"775","Clallam County","6",25,29,"4019"
"776","Clallam County","8",35,39,"4158"
"777","Clallam County","9",40,44,"3758"
"778","Clallam County","10",45,49,"3608"
"779","Clallam County","11",50,54,"3981"
"780","Clallam County","12",55,59,"5481"
"781","Clallam County","13",60,64,"6852"
"782","Clallam County","14",65,69,"7563"
"783","Clallam County","15",70,74,"6218"
"784","Clallam County","16",75,79,"4447"
"785","Clallam County","17",80,84,"2673"
"786","Clallam County","18",85,Inf,"2653"
"787","Clallam County","19",0,17,"12945"
"788","Clallam County","20",5,13,"6679"
"789","Clallam County","21",14,17,"2906"
"790","Clallam County","22",18,64,"40832"
"791","Clallam County","23",18,24,"4731"
"792","Clallam County","24",25,44,"16179"
"793","Clallam County","25",45,64,"19922"
"794","Clallam County","26",65,Inf,"23554"
"795","Clallam County","27",85,Inf,"2653"
"796","Clallam County","28",16,Inf,"65853"
"797","Clallam County","29",18,Inf,"64386"
"798","Clallam County","30",15,44,"23114"
"799","Clallam County","31",NA,NA,"51.5"
"800","Cowlitz County","0",0,Inf,"110593"
"801","Cowlitz County","1",0,4,"6746"
"802","Cowlitz County","2",5,9,"6980"
"803","Cowlitz County","3",10,14,"7194"
"804","Cowlitz County","4",15,19,"6621"
"805","Cowlitz County","5",20,24,"5900"
"806","Cowlitz County","6",25,29,"7205"
"807","Cowlitz County","7",30,34,"6806"
"808","Cowlitz County","8",35,39,"6566"
"809","Cowlitz County","9",40,44,"6432"
"810","Cowlitz County","10",45,49,"6561"
"811","Cowlitz County","11",50,54,"6706"
"812","Cowlitz County","12",55,59,"7649"
"813","Cowlitz County","13",60,64,"7848"
"814","Cowlitz County","14",65,69,"6937"
"815","Cowlitz County","15",70,74,"5879"
"816","Cowlitz County","16",75,79,"3974"
"817","Cowlitz County","17",80,84,"2348"
"818","Cowlitz County","18",85,Inf,"2241"
"819","Cowlitz County","19",0,17,"25168"
"820","Cowlitz County","20",5,13,"12748"
"821","Cowlitz County","21",14,17,"5674"
"822","Cowlitz County","22",18,64,"64046"
"823","Cowlitz County","23",18,24,"8273"
"824","Cowlitz County","24",25,44,"27009"
"825","Cowlitz County","25",45,64,"28764"
"826","Cowlitz County","26",65,Inf,"21379"
"827","Cowlitz County","27",85,Inf,"2241"
"828","Cowlitz County","28",16,Inf,"88326"
"829","Cowlitz County","29",18,Inf,"85425"
"830","Cowlitz County","30",15,44,"39530"
"831","Cowlitz County","31",NA,NA,"41"
"832","Ferry County","0",0,Inf,"7627"
"833","Ferry County","1",0,4,"338"
"834","Ferry County","2",5,9,"371"
"835","Ferry County","3",10,14,"322"
"836","Ferry County","4",15,19,"426"
"837","Ferry County","5",20,24,"378"
"838","Ferry County","6",25,29,"327"
"839","Ferry County","7",30,34,"314"
"840","Ferry County","8",35,39,"350"
"841","Ferry County","9",40,44,"420"
"842","Ferry County","10",45,49,"428"
"843","Ferry County","11",50,54,"455"
"844","Ferry County","12",55,59,"611"
"845","Ferry County","13",60,64,"733"
"846","Ferry County","14",65,69,"775"
"847","Ferry County","15",70,74,"587"
"848","Ferry County","16",75,79,"414"
"849","Ferry County","17",80,84,"196"
"850","Ferry County","18",85,Inf,"182"
"851","Ferry County","19",0,17,"1254"
"852","Ferry County","20",5,13,"636"
"853","Ferry County","21",14,17,"280"
"854","Ferry County","22",18,64,"4219"
"855","Ferry County","23",18,24,"581"
"856","Ferry County","24",25,44,"1411"
"857","Ferry County","25",45,64,"2227"
"858","Ferry County","26",65,Inf,"2154"
"859","Ferry County","27",85,Inf,"182"
"860","Ferry County","28",16,Inf,"6527"
"861","Ferry County","29",18,Inf,"6373"
"862","Ferry County","30",15,44,"2215"
"863","Ferry County","31",NA,NA,"51.4"
"864","Klickitat County","0",0,Inf,"22425"
"865","Klickitat County","1",0,4,"1114"
"866","Klickitat County","2",5,9,"1182"
"867","Klickitat County","3",10,14,"1255"
"868","Klickitat County","4",15,19,"1140"
"869","Klickitat County","5",20,24,"939"
"870","Klickitat County","6",25,29,"1125"
"871","Klickitat County","7",30,34,"1255"
"872","Klickitat County","8",35,39,"1333"
"873","Klickitat County","10",45,49,"1374"
"874","Klickitat County","11",50,54,"1350"
"875","Klickitat County","12",55,59,"1676"
"876","Klickitat County","13",60,64,"1887"
"877","Klickitat County","14",65,69,"1927"
"878","Klickitat County","16",75,79,"1014"
"879","Klickitat County","17",80,84,"556"
"880","Klickitat County","18",85,Inf,"494"
"881","Klickitat County","19",0,17,"4285"
"882","Klickitat County","20",5,13,"2182"
"883","Klickitat County","21",14,17,"989"
"884","Klickitat County","22",18,64,"12640"
"885","Klickitat County","23",18,24,"1345"
"886","Klickitat County","24",25,44,"5008"
"887","Klickitat County","25",45,64,"6287"
"888","Klickitat County","26",65,Inf,"5500"
"889","Klickitat County","27",85,Inf,"494"
"890","Klickitat County","28",16,Inf,"18637"
"891","Klickitat County","29",18,Inf,"18140"
"892","Klickitat County","30",15,44,"7087"
"893","Klickitat County","31",NA,NA,"47.1"
"894","Lewis County","0",0,Inf,"80707"
"895","Lewis County","1",0,4,"4760"
"896","Lewis County","2",5,9,"4766"
"897","Lewis County","3",10,14,"4784"
"898","Lewis County","4",15,19,"4579"
"899","Lewis County","5",20,24,"4158"
"900","Lewis County","6",25,29,"4989"
"901","Lewis County","7",30,34,"4883"
"902","Lewis County","8",35,39,"4799"
"903","Lewis County","9",40,44,"4519"
"904","Lewis County","10",45,49,"4643"
"905","Lewis County","11",50,54,"4725"
"906","Lewis County","12",55,59,"5845"
"907","Lewis County","13",60,64,"6057"
"908","Lewis County","14",65,69,"5695"
"909","Lewis County","15",70,74,"4604"
"910","Lewis County","16",75,79,"3225"
"911","Lewis County","17",80,84,"1972"
"912","Lewis County","18",85,Inf,"1704"
"913","Lewis County","19",0,17,"17208"
"914","Lewis County","20",5,13,"8595"
"915","Lewis County","21",14,17,"3853"
"916","Lewis County","22",18,64,"46299"
"917","Lewis County","23",18,24,"5839"
"918","Lewis County","24",25,44,"19190"
"919","Lewis County","25",45,64,"21270"
"920","Lewis County","26",65,Inf,"17200"
"921","Lewis County","27",85,Inf,"1704"
"922","Lewis County","28",16,Inf,"65439"
"923","Lewis County","29",18,Inf,"63499"
"924","Lewis County","30",15,44,"27927"
"925","Lewis County","31",NA,NA,"42.8"
"926","Douglas County","0",0,Inf,"43429"
"927","Douglas County","1",0,4,"2841"
"928","Douglas County","2",5,9,"3149"
"929","Douglas County","3",10,14,"3338"
"930","Douglas County","4",15,19,"2903"
"931","Douglas County","5",20,24,"2459"
"932","Douglas County","6",25,29,"2724"
"933","Douglas County","7",30,34,"2657"
"934","Douglas County","8",35,39,"2780"
"935","Douglas County","9",40,44,"2425"
"936","Douglas County","10",45,49,"2484"
"937","Douglas County","11",50,54,"2366"
"938","Douglas County","12",55,59,"2738"
"939","Douglas County","13",60,64,"2680"
"940","Douglas County","14",65,69,"2427"
"941","Douglas County","15",70,74,"2124"
"942","Douglas County","16",75,79,"1491"
"943","Douglas County","17",80,84,"920"
"944","Douglas County","18",85,Inf,"923"
"945","Douglas County","19",0,17,"11183"
"946","Douglas County","20",5,13,"5858"
"947","Douglas County","21",14,17,"2484"
"948","Douglas County","22",18,64,"24361"
"949","Douglas County","23",18,24,"3507"
"950","Douglas County","24",25,44,"10586"
"951","Douglas County","25",45,64,"10268"
"952","Douglas County","26",65,Inf,"7885"
"953","Douglas County","27",85,Inf,"923"
"954","Douglas County","28",16,Inf,"33506"
"955","Douglas County","29",18,Inf,"32246"
"956","Douglas County","30",15,44,"15948"
"957","Douglas County","31",NA,NA,"38"
"958","Grays Harbor County","0",0,Inf,"75061"
"959","Grays Harbor County","1",0,4,"3928"
"960","Grays Harbor County","2",5,9,"4334"
"961","Grays Harbor County","3",10,14,"4459"
"962","Grays Harbor County","4",15,19,"3922"
"963","Grays Harbor County","5",20,24,"3793"
"964","Grays Harbor County","6",25,29,"4482"
"965","Grays Harbor County","7",30,34,"4398"
"966","Grays Harbor County","8",35,39,"4398"
"967","Grays Harbor County","9",40,44,"4244"
"968","Grays Harbor County","10",45,49,"4245"
"969","Grays Harbor County","11",50,54,"4591"
"970","Grays Harbor County","12",55,59,"5409"
"971","Grays Harbor County","13",60,64,"6116"
"972","Grays Harbor County","14",65,69,"5819"
"973","Grays Harbor County","15",70,74,"4566"
"974","Grays Harbor County","16",75,79,"2951"
"975","Grays Harbor County","17",80,84,"1784"
"976","Grays Harbor County","18",85,Inf,"1622"
"977","Grays Harbor County","25",45,64,"20361"
"978","Clallam County","7",30,34,"4244"
"979","Klickitat County","9",40,44,"1295"
"980","Klickitat County","15",70,74,"1509"
"981","Grays Harbor County","19",0,17,"15274"
"982","Grays Harbor County","20",5,13,"7914"
"983","Grays Harbor County","21",14,17,"3432"
"984","Grays Harbor County","22",18,64,"43045"
"985","Grays Harbor County","23",18,24,"5162"
"986","Grays Harbor County","24",25,44,"17522"
"987","Grays Harbor County","26",65,Inf,"16742"
"988","Grays Harbor County","27",85,Inf,"1622"
"989","Grays Harbor County","28",16,Inf,"61512"
"990","Grays Harbor County","29",18,Inf,"59787"
"991","Grays Harbor County","30",15,44,"25237"
"992","Grays Harbor County","31",NA,NA,"44.5"
"993","Island County","0",0,Inf,"85141"
"994","Island County","1",0,4,"4737"
"995","Island County","2",5,9,"4461"
"996","Island County","3",10,14,"3913"
"997","Island County","4",15,19,"3786"
"998","Island County","5",20,24,"5689"
"999","Island County","6",25,29,"6360"
"1000","Island County","7",30,34,"5623"
"1001","Island County","8",35,39,"4981"
"1002","Island County","9",40,44,"3971"
"1003","Island County","10",45,49,"3842"
"1004","Island County","11",50,54,"4385"
"1005","Island County","12",55,59,"5516"
"1006","Island County","13",60,64,"6404"
"1007","Island County","14",65,69,"7003"
"1008","Island County","15",70,74,"6137"
"1009","Island County","16",75,79,"4007"
"1010","Island County","17",80,84,"2243"
"1011","Island County","18",85,Inf,"2083"
"1012","Island County","19",0,17,"15375"
"1013","Island County","20",5,13,"7621"
"1014","Island County","21",14,17,"3017"
"1015","Island County","22",18,64,"48293"
"1016","Island County","23",18,24,"7211"
"1017","Island County","24",25,44,"20935"
"1018","Island County","25",45,64,"20147"
"1019","Island County","26",65,Inf,"21473"
"1020","Island County","27",85,Inf,"2083"
"1021","Island County","28",16,Inf,"71289"
"1022","Island County","29",18,Inf,"69766"
"1023","Island County","30",15,44,"30410"
"1024","Island County","31",NA,NA,"43.8"
"1025","Pierce County","0",0,Inf,"904980"
"1026","Pierce County","1",0,4,"59483"
"1027","Pierce County","2",5,9,"60043"
"1028","Pierce County","3",10,14,"58121"
"1029","Pierce County","4",15,19,"53504"
"1030","Pierce County","5",20,24,"60504"
"1031","Pierce County","6",25,29,"73161"
"1032","Pierce County","7",30,34,"68955"
"1033","Pierce County","8",35,39,"66287"
"1034","Pierce County","9",40,44,"56041"
"1035","Pierce County","10",45,49,"54595"
"1036","Pierce County","11",50,54,"54416"
"1037","Pierce County","12",55,59,"57766"
"1038","Pierce County","13",60,64,"53696"
"1039","Pierce County","14",65,69,"43927"
"1040","Pierce County","15",70,74,"34109"
"1041","Pierce County","16",75,79,"22664"
"1042","Pierce County","17",80,84,"13725"
"1043","Pierce County","18",85,Inf,"13983"
"1044","Pierce County","19",0,17,"210453"
"1045","Pierce County","20",5,13,"106890"
"1046","Pierce County","21",14,17,"44080"
"1047","Pierce County","22",18,64,"566119"
"1048","Pierce County","23",18,24,"81202"
"1049","Pierce County","24",25,44,"264444"
"1050","Pierce County","25",45,64,"220473"
"1051","Pierce County","26",65,Inf,"128408"
"1052","Pierce County","27",85,Inf,"13983"
"1053","Pierce County","28",16,Inf,"716150"
"1054","Pierce County","29",18,Inf,"694527"
"1055","Pierce County","30",15,44,"378452"
"1056","Pierce County","31",NA,NA,"36.4"
"1057","Wahkiakum County","0",0,Inf,"4488"
"1058","Wahkiakum County","1",0,4,"156"
"1059","Wahkiakum County","2",5,9,"224"
"1060","Wahkiakum County","3",10,14,"229"
"1061","Wahkiakum County","4",15,19,"246"
"1062","Wahkiakum County","5",20,24,"185"
"1063","Wahkiakum County","6",25,29,"164"
"1064","Wahkiakum County","7",30,34,"174"
"1065","Wahkiakum County","8",35,39,"201"
"1066","Wahkiakum County","9",40,44,"192"
"1067","Wahkiakum County","10",45,49,"214"
"1068","Wahkiakum County","11",50,54,"265"
"1069","Wahkiakum County","12",55,59,"356"
"1070","Wahkiakum County","13",60,64,"401"
"1071","Wahkiakum County","14",65,69,"454"
"1072","Wahkiakum County","15",70,74,"426"
"1073","Wahkiakum County","16",75,79,"303"
"1074","Wahkiakum County","17",80,84,"152"
"1075","Wahkiakum County","18",85,Inf,"146"
"1076","Wahkiakum County","22",18,64,"2239"
"1077","Wahkiakum County","19",0,17,"768"
"1078","Wahkiakum County","20",5,13,"398"
"1079","Wahkiakum County","21",14,17,"214"
"1080","Wahkiakum County","23",18,24,"272"
"1081","Wahkiakum County","24",25,44,"731"
"1082","Wahkiakum County","25",45,64,"1236"
"1083","Wahkiakum County","26",65,Inf,"1481"
"1084","Wahkiakum County","27",85,Inf,"146"
"1085","Wahkiakum County","28",16,Inf,"3828"
"1086","Wahkiakum County","29",18,Inf,"3720"
"1087","Wahkiakum County","30",15,44,"1162"
"1088","Wahkiakum County","31",NA,NA,"54.9"
"1089","Franklin County","0",0,Inf,"95222"
"1090","Franklin County","1",0,4,"8315"
"1091","Franklin County","2",5,9,"8657"
"1092","Franklin County","3",10,14,"8698"
"1093","Franklin County","4",15,19,"7546"
"1094","Franklin County","5",20,24,"6361"
"1095","Franklin County","6",25,29,"7145"
"1096","Franklin County","7",30,34,"7352"
"1097","Franklin County","8",35,39,"7159"
"1098","Franklin County","9",40,44,"6231"
"1099","Franklin County","10",45,49,"5377"
"1100","Franklin County","11",50,54,"4708"
"1101","Franklin County","12",55,59,"4386"
"1102","Franklin County","13",60,64,"4095"
"1103","Franklin County","14",65,69,"3457"
"1104","Franklin County","15",70,74,"2465"
"1105","Franklin County","16",75,79,"1574"
"1106","Franklin County","17",80,84,"906"
"1107","Franklin County","18",85,Inf,"790"
"1108","Franklin County","19",0,17,"30503"
"1109","Franklin County","20",5,13,"15626"
"1110","Franklin County","21",14,17,"6562"
"1111","Franklin County","22",18,64,"55527"
"1112","Franklin County","23",18,24,"9074"
"1113","Franklin County","24",25,44,"27887"
"1114","Franklin County","25",45,64,"18566"
"1115","Franklin County","26",65,Inf,"9192"
"1116","Franklin County","27",85,Inf,"790"
"1117","Franklin County","28",16,Inf,"67929"
"1118","Franklin County","29",18,Inf,"64719"
"1119","Franklin County","30",15,44,"41794"
"1120","Franklin County","31",NA,NA,"30.6"
"1121","Walla Walla County","0",0,Inf,"60760"
"1122","Walla Walla County","1",0,4,"3203"
"1123","Walla Walla County","2",5,9,"3497"
"1124","Walla Walla County","3",10,14,"3655"
"1125","Walla Walla County","5",20,24,"5301"
"1126","Walla Walla County","6",25,29,"4041"
"1127","Walla Walla County","7",30,34,"3766"
"1128","Walla Walla County","8",35,39,"3771"
"1129","Walla Walla County","9",40,44,"3295"
"1130","Walla Walla County","10",45,49,"3288"
"1131","Walla Walla County","11",50,54,"3404"
"1132","Walla Walla County","12",55,59,"3659"
"1133","Walla Walla County","13",60,64,"3866"
"1134","Walla Walla County","14",65,69,"3539"
"1135","Walla Walla County","15",70,74,"2860"
"1136","Walla Walla County","16",75,79,"2015"
"1137","Walla Walla County","17",80,84,"1268"
"1138","Walla Walla County","18",85,Inf,"1682"
"1139","Walla Walla County","19",0,17,"12558"
"1140","Walla Walla County","20",5,13,"6422"
"1141","Walla Walla County","21",14,17,"2933"
"1142","Walla Walla County","22",18,64,"36838"
"1143","Walla Walla County","23",18,24,"7748"
"1144","Walla Walla County","24",25,44,"14873"
"1145","Walla Walla County","25",45,64,"14217"
"1146","Walla Walla County","26",65,Inf,"11364"
"1147","Walla Walla County","27",85,Inf,"1682"
"1148","Walla Walla County","28",16,Inf,"49644"
"1149","Walla Walla County","29",18,Inf,"48202"
"1150","Walla Walla County","30",15,44,"24824"
"1151","Walla Walla County","31",NA,NA,"38"
"1152","Grant County","0",0,Inf,"97733"
"1153","Grant County","1",0,4,"7535"
"1154","Grant County","2",5,9,"8144"
"1155","Grant County","3",10,14,"8376"
"1156","Grant County","4",15,19,"7246"
"1157","Grant County","5",20,24,"6370"
"1158","Grant County","6",25,29,"7139"
"1159","Grant County","7",30,34,"6345"
"1160","Grant County","8",35,39,"5978"
"1161","Grant County","9",40,44,"5512"
"1162","Grant County","10",45,49,"5384"
"1163","Grant County","11",50,54,"5061"
"1164","Grant County","12",55,59,"5582"
"1165","Grant County","13",60,64,"5331"
"1166","Grant County","14",65,69,"4557"
"1167","Grant County","15",70,74,"3741"
"1168","Grant County","16",75,79,"2459"
"1169","Grant County","17",80,84,"1450"
"1170","Grant County","18",85,Inf,"1523"
"1171","Grant County","19",0,17,"28657"
"1172","Grant County","20",5,13,"14898"
"1173","Grant County","21",14,17,"6224"
"1174","Grant County","22",18,64,"55346"
"1175","Grant County","23",18,24,"9014"
"1176","Grant County","24",25,44,"24974"
"1177","Grant County","25",45,64,"21358"
"1178","Grant County","26",65,Inf,"13730"
"1179","Grant County","27",85,Inf,"1523"
"1180","Grant County","28",16,Inf,"72077"
"1181","Grant County","29",18,Inf,"69076"
"1182","Grant County","30",15,44,"38590"
"1183","Grant County","31",NA,NA,"33.2"
"1184","Whatcom County","0",0,Inf,"229247"
"1185","Whatcom County","1",0,4,"11768"
"1186","Whatcom County","2",5,9,"12521"
"1187","Whatcom County","3",10,14,"12423"
"1188","Whatcom County","4",15,19,"14939"
"1189","Whatcom County","5",20,24,"23668"
"1190","Whatcom County","6",25,29,"17222"
"1191","Whatcom County","7",30,34,"14306"
"1192","Whatcom County","8",35,39,"14775"
"1193","Whatcom County","9",40,44,"13090"
"1194","Whatcom County","10",45,49,"12823"
"1195","Whatcom County","11",50,54,"12661"
"1196","Whatcom County","12",55,59,"13773"
"1197","Whatcom County","13",60,64,"14073"
"1198","Whatcom County","14",65,69,"13880"
"1199","Whatcom County","15",70,74,"11481"
"1200","Whatcom County","16",75,79,"7239"
"1201","Whatcom County","17",80,84,"4284"
"1202","Whatcom County","18",85,Inf,"4321"
"1203","Whatcom County","19",0,17,"43954"
"1204","Whatcom County","20",5,13,"22508"
"1205","Whatcom County","21",14,17,"9678"
"1206","Whatcom County","22",18,64,"144088"
"1207","Whatcom County","23",18,24,"31365"
"1208","Whatcom County","24",25,44,"59393"
"1209","Whatcom County","25",45,64,"53330"
"1210","Whatcom County","26",65,Inf,"41205"
"1211","Whatcom County","27",85,Inf,"4321"
"1212","Whatcom County","28",16,Inf,"190154"
"1213","Snohomish County","0",0,Inf,"822083"
"1214","Snohomish County","1",0,4,"51997"
"1215","Snohomish County","2",5,9,"50903"
"1216","Snohomish County","3",10,14,"51283"
"1217","Snohomish County","5",20,24,"45568"
"1218","Snohomish County","6",25,29,"59190"
"1219","Snohomish County","7",30,34,"64357"
"1220","Snohomish County","9",40,44,"54852"
"1221","Snohomish County","10",45,49,"54326"
"1222","Snohomish County","11",50,54,"53984"
"1223","Snohomish County","12",55,59,"57668"
"1224","Snohomish County","13",60,64,"52272"
"1225","Snohomish County","14",65,69,"41227"
"1226","Snohomish County","15",70,74,"30426"
"1227","Snohomish County","16",75,79,"19095"
"1228","Snohomish County","17",80,84,"11891"
"1229","Snohomish County","18",85,Inf,"12193"
"1230","Snohomish County","19",0,17,"184110"
"1231","Snohomish County","20",5,13,"92145"
"1232","Snohomish County","21",14,17,"39968"
"1233","Snohomish County","22",18,64,"523141"
"1234","Snohomish County","23",18,24,"62092"
"1235","Snohomish County","24",25,44,"242799"
"1236","Snohomish County","25",45,64,"218250"
"1237","Snohomish County","26",65,Inf,"114832"
"1238","Snohomish County","27",85,Inf,"12193"
"1239","Snohomish County","28",16,Inf,"657740"
"1240","Snohomish County","29",18,Inf,"637973"
"1241","Snohomish County","30",15,44,"334818"
"1242","Snohomish County","31",NA,NA,"38.2"
"1243","Snohomish County","8",35,39,"64400"
"1244","Walla Walla County","4",15,19,"4650"
"1245","Whatcom County","29",18,Inf,"185293"
"1246","Whatcom County","30",15,44,"98000"
"1247","Whatcom County","31",NA,NA,"37.6"
"1248","Snohomish County","4",15,19,"46451"
